ProductID,Name,Category,SubCategory,Price,Tags
8095,Pioneer® Southern Style Biscuit Dough,Biscuits,Biscuit Dough,31.2,"Frozen, Southern Style"
8094,Pioneer® Southern Style Biscuit Dough,Biscuits,Biscuit Dough,36.6,"Frozen, Southern Style"
210101,Pioneer® Simple Split Biscuit Dough,Biscuits,Biscuit Dough,34.8,Simple Split
215136,Pioneer® Butter Flavor Biscuit Dough,Biscuits,Biscuit Dough,31.2,Butter Flavor
215144,Pioneer® Simple Split Buttermilk Country Biscuit Dough,Biscuits,Biscuit Dough,31.5,"Buttermilk, Country Style"
216208,Pioneer® Corn Drop Biscuit Dough,Biscuits,Biscuit Dough,28.5,Corn Drop
7055,Pioneer® Buttermilk Drop Biscuit Dough,Biscuits,Biscuit Dough,31.5,Buttermilk Drop
3078,Conestoga™ Simple Split Whole Grain Biscuit Dough,Biscuits,Biscuit Dough,31.2,Whole Grain
3079,Conestoga™ Southern Style Biscuit Dough,Biscuits,Biscuit Dough,31.2,Southern Style
240301,Conestoga™ Southern Style Simple Split Biscuit Dough,Biscuits,Biscuit Dough,31.2,Simple Split
3074,Conestoga™ Southern Style Biscuit Dough,Biscuits,Biscuit Dough,31.9,Southern Style
3076,Conestoga™ Simple Split Homestyle Biscuit Dough,Biscuits,Biscuit Dough,36.6,Homestyle
3080,Conestoga™ Simple Split Southern Style Biscuit Dough,Biscuits,Biscuit Dough,34.8,Southern Style
224005,Conestoga™ Reduced Sodium Simple Split Biscuit Dough,Biscuits,Biscuit Dough,34.75,Reduced Sodium
240114,Pioneer® Simple Split Waffle Biscuit,Biscuits,Pre-Baked Biscuits,18.4,"Waffle, Pre-Baked"
3051,Conestoga™ Buttermilk Biscuit,Biscuits,Pre-Baked Biscuits,25.2,Buttermilk
215812,Conestoga™ Classic Whole Grain Simple Split Biscuit,Biscuits,Pre-Baked Biscuits,21.75,Whole Grain
3046,Conestoga™ Buttermilk Biscuit,Biscuits,Pre-Baked Biscuits,17.3,Buttermilk
3047,Conestoga™ Simple Split Buttermilk Biscuit,Biscuits,Pre-Baked Biscuits,21.8,Simple Split
3049,Conestoga™ Simple Split Buttermilk Biscuit,Biscuits,Pre-Baked Biscuits,18.4,Simple Split
219413,Conestoga™ Reduced Sodium Classic Simple Split Biscuit,Biscuits,Pre-Baked Biscuits,21.75,Reduced Sodium
233180,Conestoga™ Simple Split Buttermilk Biscuit Bundle Pack,Biscuits,Pre-Baked Biscuits,18.4,Bundle Pack
237864,Conestoga™ Buttermilk Biscuit Bundle Pack,Biscuits,Pre-Baked Biscuits,21.5,Bundle Pack
94013,Pioneer® Original Biscuit Mix,Biscuits,Biscuit Mix,31.5,Mix
94048,Pioneer® Original Biscuit Mix,Biscuits,Biscuit Mix,25.5,Mix
218407,Pioneer® Golden Flake Biscuit Mix,Biscuits,Biscuit Mix,21,Golden Flake
99400,Conestoga™ Biscuit Mix,Biscuits,Biscuit Mix,31.5,Mix
99402,Conestoga™ Biscuit Mix,Biscuits,Biscuit Mix,25.5,Mix
9100,Pioneer® Sausage Gravy,Gravies,Frozen Gravy,25.5,Sausage
233363,Pioneer® Peppered Gravy,Gravies,Frozen Gravy,25.5,Peppered
94445,Pioneer® Instant Peppered Old Fashioned Biscuit Gravy Mix,Gravies,Instant Gravy Mix,9.9,"Peppered, Biscuit"
94485,Pioneer® Instant Country Style Gravy Mix,Gravies,Instant Gravy Mix,10,Country Style
94599,Pioneer® Instant Brown Gravy Mix,Gravies,Instant Gravy Mix,5.5,Brown
94358,Pioneer® Cheddar Cheese Sauce Mix,Gravies,Cheese Sauce Mix,11.75,Cheddar
94331,Pioneer® Nacho Cheese Sauce Mix,Gravies,Cheese Sauce Mix,11.65,Nacho
94335,Pioneer® Cheese Sauce Mix,Gravies,Cheese Sauce Mix,17.2,Cheese
94341,Pioneer® Alfredo Sauce Mix,Gravies,Cheese Sauce Mix,6.45,Alfredo
96468,Pioneer® Fat Free Country Style Gravy Mix,Gravies,Fat Free Gravy Mix,8.8,Fat Free
94209,Pioneer® Base For Cream Soup Mix,Gravies,Soup Base Mix,11.65,Cream Soup
212646,Pioneer® Low Sodium Roast Beef Gravy Mix,Gravies,Low Sodium Gravy Mix,5.45,Roast Beef
212645,Pioneer® Low Sodium Roasted Chicken Gravy Mix,Gravies,Low Sodium Gravy Mix,5.8,Roasted Chicken
212644,Pioneer® Low Sodium Roasted Turkey Gravy Mix,Gravies,Low Sodium Gravy Mix,4.8,Roasted Turkey
94706,Pioneer® Old Fashioned Biscuit Gravy Mix,Gravies,Gravy Mix,9.5,Old Fashioned
95684,Pioneer® Miller’s Pride® Biscuit Gravy Mix,Gravies,Gravy Mix,9.6,Miller’s Pride
94722,Pioneer® Peppered Old Fashioned Biscuit Gravy Mix,Gravies,Gravy Mix,9.6,Peppered
212642,Pioneer® Peppered Gravy Mix Made with Whole Grain,Gravies,Gravy Mix,10,Whole Grain
95675,Pioneer® Miller’s Pride® Peppered Biscuit Gravy Mix,Gravies,Gravy Mix,9.5,Peppered
94595,Pioneer® Country Style Gravy Mix,Gravies,Gravy Mix,9.5,Country Style
94390,Pioneer® Country Style Gravy Mix,Gravies,Gravy Mix,25.5,Country Style
96115,Pioneer® Country Skillet Cream Gravy Mix,Gravies,Gravy Mix,9.6,Skillet Cream
214161,Pioneer® Roasted Jalapeño Cream Skillet Gravy Mix,Gravies,Gravy Mix,10.49,Jalapeño
94587,Pioneer® Brown Gravy Mix,Gravies,Gravy Mix,5.6,Brown
233428,Pioneer® Southern Style Brown Gravy Mix,Gravies,Gravy Mix,9.5,Southern Style
94544,Pioneer® Roast Beef Gravy Mix,Gravies,Gravy Mix,5.35,Roast Beef
94560,Pioneer® Chicken Gravy Mix,Gravies,Gravy Mix,5.75,Chicken
233537,Pioneer® Southern Style Chicken Gravy Mix,Gravies,Gravy Mix,8.6,Southern Style
94545,Pioneer® Roasted Chicken Gravy Mix,Gravies,Gravy Mix,5.8,Roasted Chicken
94315,Pioneer® Turkey Gravy Mix,Gravies,Gravy Mix,4.8,Turkey
94546,Pioneer® Roasted Turkey Gravy Mix,Gravies,Gravy Mix,4.8,Roasted Turkey
94541,Pioneer® Light Brown Gravy Mix,Gravies,Gravy Mix,4.8,Light Brown
94293,Pioneer® Pork Gravy Mix,Gravies,Gravy Mix,4.7,Pork
94551,Pioneer® Roast Pork Gravy Mix,Gravies,Gravy Mix,4.75,Roast Pork
94579,Pioneer® Au Jus Gravy Mix,Gravies,Gravy Mix,2.45,Au Jus
99424,Conestoga™ Old Fashioned White Gravy Mix,Gravies,Gravy Mix,9.55,White
99412,Conestoga™ Peppered Biscuit Gravy Mix,Gravies,Gravy Mix,9.6,Peppered
99426,Conestoga™ Country Gravy Mix,Gravies,Gravy Mix,9.45,Country
99430,Conestoga™ Brown Gravy Mix,Gravies,Gravy Mix,5.5,Brown
238231,Michael’s™ Mudslide Cookie Dough,Desserts,Premium Cookie Dough,19.8,Mudslide
238233,Michael’s™ All Butter Dark & White Chip Cookie Dough,Desserts,Premium Cookie Dough,19.8,Dark & White Chip
238235,Michael’s™ All Butter Cranberry Oatmeal Raisin Cookie Dough,Desserts,Premium Cookie Dough,19.8,"Cranberry, Oatmeal Raisin"
238236,Michael’s™ All Butter Milk Chocolate Chunk Cookie Dough,Desserts,Premium Cookie Dough,19.8,Milk Chocolate Chunk
224996,CookieTree® Chocolate Brownie Thaw & Serve,Desserts,Baked Brownies,8.11,"Brownie, Thaw & Serve"
225072,CookieTree® Milk Chocolate Chunk Cookie Thaw & Serve,Desserts,Baked Cookies,6.61,Chocolate Chunk
225285,CookieTree® Milk Chocolate Chunk Cookie Thaw & Serve,Desserts,Baked Cookies,13.21,Chocolate Chunk
240383,CookieTree® Chocolate Chunk Extended Shelf-life,Desserts,Baked Cookies,13.21,Extended Shelf-life
225291,CookieTree® Cinnamon Sugar Cookie Thaw & Serve,Desserts,Baked Cookies,13.21,Cinnamon Sugar
225008,CookieTree® Milk Chocolate Chunk Cookie Thaw & Serve,Desserts,Baked Cookies,9.69,Chocolate Chunk
225074,CookieTree® Milk Chocolate Chunk Cookie Thaw & Serve,Desserts,Baked Cookies,6.44,Chocolate Chunk
225076,CookieTree® Dark Chocolate Chunk Cookie Thaw & Serve,Desserts,Baked Cookies,6.44,Dark Chocolate
225081,CookieTree® Oatmeal Raisin Cookie Thaw & Serve,Desserts,Baked Cookies,6.44,Oatmeal Raisin
225087,CookieTree® Sugar Cookie Thaw & Serve,Desserts,Baked Cookies,6.44,Sugar Cookie
225090,CookieTree® Milk Chocolate Toffee Cookie,Desserts,Baked Cookies,6.44,Toffee
225096,CookieTree® Triple Chunk Cookie Thaw & Serve,Desserts,Baked Cookies,6.44,Triple Chunk
225144,CookieTree® Whole Grain Sugar Cookie,Desserts,Whole Grain Cookie,24.68,"Whole Grain, Sugar"
225145,CookieTree® Whole Grain Chocolate Chip Cookie,Desserts,Whole Grain Cookie,24.68,"Whole Grain, Chocolate Chip"
225218,CookieTree® Whole Grain Chocolate Chip Cookie,Desserts,Whole Grain Cookie,22,"Whole Grain, Chocolate Chip"
225216,CookieTree® Whole Grain Candy Chip Cookie,Desserts,Whole Grain Cookie,22,"Whole Grain, Candy Chip"
225225,CookieTree® Whole Grain Chocolate Chip Cookie,Desserts,Whole Grain Cookie,23.55,"Whole Grain, Chocolate Chip"
225223,CookieTree® Whole Grain Double Fudge Cookie,Desserts,Whole Grain Cookie,23.55,"Whole Grain, Double Fudge"
236009,Michael’s™ Chocolate Chip Cookie Dough,Desserts,Cookie Dough,17.3,Chocolate Chip
236012,Michael’s™ Chunky Chocolate Cookie Dough,Desserts,Cookie Dough,17.3,Chunky Chocolate
236023,Michael’s™ Oatmeal Raisin Cookie Dough,Desserts,Cookie Dough,17.3,Oatmeal Raisin
236017,Michael’s™ Vanilla Sugar Cookie Dough,Desserts,Cookie Dough,17.3,Vanilla Sugar
236016,Michael’s™ White Chip Macadamia Cookie Dough,Desserts,Cookie Dough,17.3,Macadamia
238237,Michael’s™ Candy Cookie Dough,Desserts,Cookie Dough,17.3,Candy
238240,Michael’s™ Peanut Butter Cookie Dough,Desserts,Cookie Dough,17.3,Peanut Butter
236035,Michael’s™ Chocolate Chip Cookie Dough,Desserts,Cookie Dough,22.3,Chocolate Chip
236037,Michael’s™ Oatmeal Raisin Walnut Cookie Dough,Desserts,Cookie Dough,22.3,Oatmeal Raisin Walnut
236043,Michael’s™ Vanilla Sugar Cookie Dough,Desserts,Cookie Dough,22.3,Vanilla Sugar
236042,Michael’s™ Cappuccino Chocolate Chunk Cookie Dough,Desserts,Cookie Dough,22.3,Cappuccino Chunk
236041,Michael’s™ White Chip Macadamia Cookie Dough,Desserts,Cookie Dough,22.3,Macadamia
238238,Michael’s™ Candy Cookie Dough,Desserts,Cookie Dough,22.3,Candy
238241,Michael’s™ Peanut Butter Cookie Dough,Desserts,Cookie Dough,22.3,Peanut Butter
236062,Michael’s™ Chocolate Chip Cookie Dough,Desserts,Cookie Dough,20.05,Chocolate Chip
236065,Michael’s™ Chunky Chocolate Cookie Dough,Desserts,Cookie Dough,20.05,Chunky Chocolate
236077,Michael’s™ Oatmeal Raisin Cookie Dough,Desserts,Cookie Dough,20.05,Oatmeal Raisin
236069,Michael’s™ Vanilla Sugar Cookie Dough,Desserts,Cookie Dough,20.05,Vanilla Sugar
236067,Michael’s™ White Chip Macadamia Cookie Dough,Desserts,Cookie Dough,20.05,Macadamia
238239,Michael’s™ Candy Cookie Dough,Desserts,Cookie Dough,20.05,Candy
238242,Michael’s™ Peanut Butter Cookie Dough,Desserts,Cookie Dough,20.05,Peanut Butter
94418,Pioneer® Chocolate Brownie Mix,Desserts,Dessert Mix,37.5,Brownie Mix
94420,Pioneer® French Doughnut and Sopaipilla Mix,Desserts,Dessert Mix,25.5,"Doughnut, Sopaipilla"
768,Morrison’s® Sopapilla Mix,Desserts,Dessert Mix,25.5,Sopaipilla
225065,CookieTree® Whole Grain Double Fudge Cookie,Desserts,Whole Grain Cookie,10.66,"Whole Grain, Double Fudge"
225067,CookieTree® Whole Grain Candy Chip Cookie,Desserts,Whole Grain Cookie,10.66,"Whole Grain, Candy Chip"
225068,CookieTree® Whole Grain Sugar Cookie,Desserts,Whole Grain Cookie,10.66,"Whole Grain, Sugar"
225070,CookieTree® Whole Grain Chocolate Chip Cookie,Desserts,Whole Grain Cookie,10.66,"Whole Grain, Chocolate Chip"
226006,CookieTree® Whole Grain Celebration Bar,Desserts,Dessert Bar,11.34,Celebration Bar
224989,CookieTree® Whole Grain Brownie,Desserts,Dessert Bar,11.59,Brownie
94218,Pioneer® Cornbread Mix,Baking Mixes,Cornbread Mix,31.5,Cornbread
213513,Pioneer® Deluxe Cornbread Mix,Baking Mixes,Cornbread Mix,31.5,Deluxe
212643,Pioneer® Whole Grain Cornbread Mix,Baking Mixes,Cornbread Mix,31.5,Whole Grain
99408,Conestoga™ Cornbread Mix,Baking Mixes,Cornbread Mix,31.5,Cornbread
94110,Pioneer® Original Buttermilk Pancake & Waffle Mix,Baking Mixes,Pancake Mix,31.5,Buttermilk
94075,Pioneer® Western Style Buttermilk Pancake & Waffle Mix,Baking Mixes,Pancake Mix,31.5,Western Style
94052,Pioneer® Western Style Buttermilk Pancake & Waffle Mix,Baking Mixes,Pancake Mix,25.5,Western Style
94152,Pioneer® Morning Bounty Buttermilk Pancake & Waffle Mix,Baking Mixes,Pancake Mix,31.5,Morning Bounty
218482,Pioneer® Cinnamon Harvest Blend Pancake & Waffle Mix,Baking Mixes,Pancake Mix,31.5,Cinnamon Harvest
214292,Pioneer® Sweet Potato Pancake Mix,Baking Mixes,Pancake Mix,10.8,Sweet Potato
99404,Conestoga™ Buttermilk Pancake Mix,Baking Mixes,Pancake Mix,30.45,Buttermilk
99406,Conestoga™ Buttermilk Pancake Mix,Baking Mixes,Pancake Mix,25.5,Buttermilk
99405,Conestoga™ Sweet Cream Pancake & Waffle Mix,Baking Mixes,Pancake Mix,31.5,Sweet Cream
229492,Conestoga™ Original Buttermilk Pancake Mix,Baking Mixes,Pancake Mix,20,Original
215174,Pioneer® Sweet Corn Muffin Mix,Baking Mixes,Muffin Mix,31.5,Sweet Corn
212665,Pioneer® Whole Grain Muffin Mix,Baking Mixes,Muffin Mix,30.6,Whole Grain
216555,Pioneer® All Purpose Batter and Breading Mix,Fry Mixes,Batter Mix,31.5,All Purpose
216556,Pioneer® Spicy Texas-Style Premium Batter & Breading Mix,Fry Mixes,Batter Mix,31.5,Spicy Texas-Style
216558,Pioneer® Pre-Dip Batter Mix,Fry Mixes,Batter Mix,31.5,Pre-Dip
216559,Pioneer® Southern Style Cornmeal Breader,Fry Mixes,Breading Mix,31.5,Cornmeal
216561,Pioneer® Hushpuppy Mix,Fry Mixes,Batter Mix,31.5,Hushpuppy
99457,Conestoga™ Breading & Batter Mix,Fry Mixes,Breading Mix,25.2,Breading
240888,Conestoga™ Fish Fry Mix,Fry Mixes,Fry Mix,25.2,Fish Fry
772,Morrison’s® Breading Mix,Fry Mixes,Breading Mix,25.5,Breading
211640,Great American Pizza Dough Mix - No Yeast,Pizza,Pizza Mix,24.7,No Yeast
211648,Great American Pizza Dough Mix With Yeast,Pizza,Pizza Mix,24.7,With Yeast
215671,Great American Pizza Dough Mix Hard White Whole Grain - No Yeast,Pizza,Pizza Mix,24.7,Whole Grain
215672,Great American Thin Dough Mix With Yeast,Pizza,Pizza Mix,24.7,Thin Crust
215673,Great American Thick Dough Mix With Yeast,Pizza,Pizza Mix,24.7,Thick Crust
23124,Pioneer® Hotel & Restaurant Flour,Flour,Wheat Flour,25.5,"Hotel, Restaurant"
23132,Pioneer® Hotel & Restaurant Flour,Flour,Wheat Flour,51,"Hotel, Restaurant"
22128,Pioneer® White Oak Flour,Flour,Wheat Flour,51,White Oak
176,Morrison’s® Peter Pan Hotel & Restaurant Flour,Flour,Wheat Flour,25.5,Peter Pan
175,Morrison’s® Peter Pan Hotel & Restaurant Flour,Flour,Wheat Flour,50.5,Peter Pan
119,Morrison’s® Peter Pan Self Rising Hotel & Restaurant Flour,Flour,Wheat Flour,26.19,Self Rising
1774,Morrison’s® Peter Pan Self Rising Hotel & Restaurant Flour,Flour,Wheat Flour,50.5,Self Rising
890,Morrison’s® Diamond M Flour,Flour,Wheat Flour,25.5,Diamond M
174,Morrison’s® Diamond M Flour,Flour,Wheat Flour,50.5,Diamond M
180,Morrison’s® Super Bakers Flour,Flour,Wheat Flour,50.5,Super Bakers
1903,Morrison’s® Untreated & Unbleached Flour,Flour,Wheat Flour,50.5,Unbleached
205,Morrison’s® Yellow Corn Flour,Flour,Corn Flour,25.5,Yellow Corn
40126,Pioneer® White Cornmeal,Flour,Cornmeal,25.5,White Cornmeal
41122,Pioneer® Yellow Cornmeal,Flour,Cornmeal,25.5,Yellow Cornmeal
202,Morrison’s® Premium White Cornmeal,Flour,Cornmeal,25.5,Premium White
210,Morrison’s® Premium Yellow Cornmeal,Flour,Cornmeal,25.5,Premium Yellow
257,Morrison’s® Degermed Yellow Cornmeal,Flour,Cornmeal,25.5,Degermed Yellow
240540,Cuisine Adventures™ Spinach & Artichoke Dip,Appetizers,Dip,31.77,"Spinach, Artichoke"
231881,Cuisine Adventures™ French Onion Soup,Appetizers,Soup,60.36,French Onion
231885,Cuisine Adventures™ French Onion Soup,Appetizers,Soup,20.12,French Onion
231891,Cuisine Adventures™ Frank in Blanket Parmesan Topping,Appetizers,Snack,11.12,Parmesan
231896,Cuisine Adventures™ Frank in Blanket Parmesan Topping,Appetizers,Snack,33.04,Parmesan
231899,Cuisine Adventures™ Frank in Blanket Everything Topping,Appetizers,Snack,33.04,Everything Topping
231897,Cuisine Adventures™ Spanakopita,Appetizers,Snack,12,Spanakopita
231894,Cuisine Adventures™ Spanakopita,Appetizers,Snack,48.29,Spanakopita
231898,Cuisine Adventures™ Puff Pastry Assortment 4 Flavors,Appetizers,Pastry,27.96,Puff Pastry
235478,Cuisine Adventures™ Puff Pastry Kosher Assortment 4 Flavors,Appetizers,Pastry,27.96,Kosher
237599,Cuisine Adventures™ Egg Bite Cheese & Red Peppers,Appetizers,Egg Bite,24.15,"Cheese, Red Peppers"
231887,Cuisine Adventures™ Mini Quiche Duo Bacon & Florentine,Appetizers,Quiche,51.54,"Bacon, Florentine"
231889,Cuisine Adventures™ Mini Quiche Duo Kosher Cheese & Florentine,Appetizers,Quiche,53.37,"Kosher, Cheese"
231892,Cuisine Adventures™ 4in Quiche Florentine,Appetizers,Quiche,12,Florentine
231893,Cuisine Adventures™ 4in Quiche French,Appetizers,Quiche,12,French
231882,Cuisine Adventures™ Firecracker Green Chili Chicken,Appetizers,Snack,29.65,Green Chili
235871,Cuisine Adventures™ Firecracker Korean BBQ Chicken,Appetizers,Snack,29.65,Korean BBQ
238142,Cuisine Adventures™ Firecracker Nashville Hot Chicken,Appetizers,Snack,29.65,Nashville Hot
231950,Cuisine Adventures™ Cubano Bite,Appetizers,Snack,25.42,Cubano
240129,Cuisine Adventures™ Apple Pie Bite,Appetizers,Dessert Bite,27.32,Apple Pie
232037,La Paloma™ Mini Empanada Beef Nacho,Appetizers,Empanada,25.42,Beef Nacho
240037,La Paloma™ Churro Bite Dulce de Leche,Appetizers,Dessert Bite,27.32,"Churro, Dulce de Leche"
94498,Pioneer® White Wings Flour Tortilla Mix,Tortillas,Tortilla Dry Mix,25.5,"Flour, Mix"
99490,Conestoga™ Tortilla Pre-Mix,Tortillas,Tortilla Dry Mix,25.3,Pre-Mix
224027,Conestoga™ Flour Tortilla Mix,Tortillas,Tortilla Dry Mix,25.5,Flour
224868,Conestoga™ Mi Cocina Flour Tortilla Mix,Tortillas,Tortilla Dry Mix,25.5,Mi Cocina
738,Morrison’s® Tortilla Pre-Mix,Tortillas,Tortilla Dry Mix,24.5,Pre-Mix
746,Morrison’s® Country Style Tortilla Mix,Tortillas,Tortilla Dry Mix,25.5,Country Style
769,Morrison’s® Flour Tortilla Mix,Tortillas,Tortilla Dry Mix,20.5,Flour
100195,Mi Rancho® Corn White Tortilla 4”,Tortillas,Corn Tortilla,21.19,White Corn
100196,Mi Rancho® Corn White Taquito Tortilla 4.5”,Tortillas,Corn Tortilla,20.25,Taquito
100199,Mi Rancho® Corn White Taqueria Tortilla 5”,Tortillas,Corn Tortilla,20.25,Taqueria
100211,Mi Rancho® Corn White Mesa Tortilla 6”,Tortillas,Corn Tortilla,42.75,Mesa
100212,Mi Rancho® Corn White Gruesa Tortilla 6”,Tortillas,Corn Tortilla,27.75,Gruesa
100205,Mi Rancho® Corn White Thick Tortilla 6”,Tortillas,Corn Tortilla,22.13,Thick
100289,Mi Rancho® Corn Yellow Thick Tortilla 6”,Tortillas,Corn Tortilla,22.13,Yellow
100225,Mi Rancho® Corn White Estilo a Mano Tortilla 6”,Tortillas,Corn Tortilla,20.25,Estilo a Mano
100188,Mi Rancho® Corn Blue Thin Tortilla 6”,Tortillas,Corn Tortilla,27.75,Blue
101635,Mi Rancho® Corn White Super Thin Tortilla 6”,Tortillas,Corn Tortilla,24,Super Thin
100215,Mi Rancho® Corn White Taco Tortilla 6”,Tortillas,Corn Tortilla,29.63,Taco
100240,Mi Rancho® Corn Red Thin Tortilla 6”,Tortillas,Corn Tortilla,27.75,Red
100285,Mi Rancho® Corn Yellow Thin Tortilla 6”,Tortillas,Corn Tortilla,27.75,Yellow
101634,Mi Rancho® Corn White Fina Tortilla 6”,Tortillas,Corn Tortilla,30.75,Fina
3063,Conestoga™ Flour Tortilla Dough,Tortillas,Tortilla Dough,37.5,Flour Dough
3060,Conestoga™ Flour Tortilla Dough,Tortillas,Tortilla Dough,37.5,Flour Dough
3061,Conestoga™ Flour Tortilla Dough,Tortillas,Tortilla Dough,37.5,Flour Dough
3062,Conestoga™ Flour Tortilla Dough,Tortillas,Tortilla Dough,37.5,Flour Dough
219599,White Wings® Stone Ground Tortilla Dough,Tortillas,Tortilla Dough,37.5,Stone Ground
234799,Morrison’s® Tortilla Dough,Tortillas,Tortilla Dough,37.5,Dough
100605,Mi Rancho® Organic Flour Tortilla 12”,Tortillas,Organic Flour Tortilla,15.56,Organic
100706,Mi Rancho® Organic Flour Whole Wheat Tortilla 12”,Tortillas,Organic Flour Tortilla,15.56,Whole Wheat
100705,Mi Rancho® Organic Flour Spinach Tortilla 12”,Tortillas,Organic Flour Tortilla,15.56,Spinach
102185,Mi Rancho® Organic Flour Jalapeno Cilantro Tortilla 12”,Tortillas,Organic Flour Tortilla,15.56,Jalapeno Cilantro
100330,Mi Rancho® Flour Tortilla 6”,Tortillas,Flour Tortilla,19.5,Flour
100771,Mi Rancho® Flour Especial Tortilla 6”,Tortillas,Flour Tortilla,19.75,Especial
100335,Mi Rancho® Flour Tortilla 8”,Tortillas,Flour Tortilla,21.5,Flour
100294,Mi Rancho® Flour Burrito Tortilla 10”,Tortillas,Flour Tortilla,19.5,Burrito
100306,Mi Rancho® Flour Grande Tortilla 12”,Tortillas,Flour Tortilla,23.38,Grande
100322,Mi Rancho® Flour Especial Tortilla 13”,Tortillas,Flour Tortilla,26.6,Especial
100323,Mi Rancho® Flour Gigante Tortilla 14”,Tortillas,Flour Tortilla,29.63,Gigante
102371,Mi Rancho® Flour Gluten Free Tortilla 12”,Tortillas,Flour Tortilla,12.44,Gluten Free
102138,Mi Rancho® Non-GMO Flour Tortilla 12”,Tortillas,Non-GMO Tortilla,12.4,Non-GMO
102181,Mi Rancho® Non-GMO Flour Spinach Tortilla 12”,Tortillas,Non-GMO Tortilla,12.4,Spinach
102139,Mi Rancho® Non-GMO Flour Whole Wheat Tortilla 12”,Tortillas,Non-GMO Tortilla,12.4,Whole Wheat
101000,Mi Rancho® Non-GMO Blended Tortilla 7”,Tortillas,Blended Tortilla,12.75,Blended
101496,Mi Rancho® Non-GMO Blended Tortilla 5”,Tortillas,Blended Tortilla,25,Blended
100216,Mi Rancho® Corn White Thin Pre-Cut 4 Cut,Chips,Pre-Cut Chips,32.25,White Thin
100217,Mi Rancho® Corn White Thin Pre-Cut 6 Cut,Chips,Pre-Cut Chips,32.25,White Thin
100218,Mi Rancho® Corn White Super Thin Pre-Cut 4 Cut,Chips,Pre-Cut Chips,32.25,Super Thin
100290,Mi Rancho® Corn Yellow Thin Pre-Cut 4 Cut,Chips,Pre-Cut Chips,32.25,Yellow Thin
100291,Mi Rancho® Corn Yellow Thin Pre-Cut 6 Cut,Chips,Pre-Cut Chips,32.25,Yellow Thin
100378,Mi Rancho® Corn Tri Color Pre-Cut 6 Cut,Chips,Pre-Cut Chips,32.25,Tri Color
101702,Mi Rancho® Corn Yellow Non-GMO Pre-Cut 6 Cut,Chips,Pre-Cut Chips,32.25,Non-GMO
102681,Mi Rancho® Corn Yellow Pre-Cut 4 Cut,Chips,Pre-Cut Chips,31.5,Yellow
100879,Mi Rancho® Fried Yellow Cantina Chips,Chips,Fried Chips,13.5,Cantina
100234,Mi Rancho® Fried White Triangle Chips,Chips,Fried Chips,13.5,Triangle
100237,Mi Rancho® Fried Yellow Tostada Caseras,Chips,Tostadas,9.5,Tostada
100197,Mi Rancho® Corn Yellow Organic Tortilla 4.5”,Tortillas,Organic Corn Tortilla,13.22,Organic
100203,Mi Rancho® Corn Yellow Organic Tortilla 5.5”,Tortillas,Organic Corn Tortilla,29,Organic
